code,email,full_name,location
1,femininos.oliveira.antunes@icloud.com,Femininos Oliveira Antunes,"Aratu (Candeias) , BA"
2,nunes.fernanda.soares.azevedo.vieira@outlook.com,Fernanda Azevedo Soares Nunes Vieira,"PE , Recife"
3,farias.teixeira.daniel.ribeiro#gmail.com,Daniel Farias Ribeiro Teixeira,"Rio Grande,RS"
4,thiago.moreira#gmail.com,Thiago Moreira,"AC , Rio Branco"
5,pedro.freitas#icloud.com,Pedro Freitas,PA - Santarém Novo
6,coelho.pinheiro.peixoto.antônia.cavalcanti@aol.com,Antônia Coelho Pinheiro Peixoto Cavalcanti,"Fortaleza do Tabocão , TO"
7,torres.barros.rocha.bianca.siqueira#aol.com,Bianca Barros Rocha Torres Siqueira,PB/Cabedelo
8,pimentel.alves.luiz#outlook.com,Luiz Alves Pimentel,SE - Aracaju
9,lucas.lopes.guedes.cunha#tutanota.com,Lucas Guedes Cunha Lopes,PB - João Pessoa
10,paiva.débora#gmx.com,Débora Paiva,Santarém / PA
11,torres.monteiro.victor@gmail.com,Victor Torres Monteiro,BA - Porto Seguro
12,rafael.pereira.barros#zoho.com,Rafael Pereira Barros,"TO , Fortaleza do Tabocão"
13,martins.guimarães.carlos#hotmail.com,Carlos Guimarães Martins,PA / Santarém
14,vieira.silva.amaral.gabriela@icloud.com,Gabriela Silva Vieira Amaral,"AM , Itacoatiara"
15,lopes.alves.pacheco.rocha.carla#yahoo.com,Carla Lopes Alves Pacheco Rocha,"Fortaleza do Tabocão,TO"
16,renata.pacheco.cardoso@zoho.com,Renata Pacheco Cardoso,"Fortaleza,CE"
17,costa.paiva.luís.coelho.cardoso@aol.com,Luís Paiva Costa Cardoso Coelho,MS - Corumbá
18,rocha.adriana.guedes.borges.alves#protonmail.com,Adriana Guedes Borges Alves Rocha,Santarém - PA
19,renata.lima.mendonça.coelho.gomes@icloud.com,Renata Lima Gomes Coelho Mendonça,Maceió / AL
20,silva.bruno@zoho.com,Bruno Silva,"PA , Santarém Novo"
21,peixoto.soares.rocha.oliveira.sandra#yahoo.com,Sandra Rocha Oliveira Soares Peixoto,"AC,Rio Branco"
22,borges.vieira.daniela.mendonça.farias#protonmail.com,Daniela Borges Vieira Farias Mendonça,SE / Aracaju
23,rodrigues.mendonça.bruna#aol.com,Bruna Mendonça Rodrigues,Santos - SP
24,peixoto.carla.araújo.silva.azevedo#outlook.com,Carla Peixoto Azevedo Silva Araújo,Laguna / SC
25,femininos.antunes.amaral.lopes.ribeiro@icloud.com,Femininos Antunes Lopes Ribeiro Amaral,ES / São Mateus
26,gomes.araújo.borges.luiz#hotmail.com,Luiz Borges Gomes Araújo,Manaus/AM
27,nunes.flávia.coelho.martins.ribeiro@protonmail.com,Flávia Nunes Martins Ribeiro Coelho,"Salvador,BA"
28,rodrigues.bianca@icloud.com,Bianca Rodrigues,"PR , Antonina"
29,moraes.nunes.gabriela.macedo@icloud.com,Gabriela Moraes Macedo Nunes,"CE,Fortaleza"
30,araújo.tavares.azevedo.victor.correia@gmail.com,Victor Araújo Azevedo Tavares Correia,Itacoatiara - AM
31,jéssica.martins.leite.figueiredo#tutanota.com,Jéssica Figueiredo Leite Martins,"São Luís,MA"
32,antunes.coelho.batista.teixeira.daniela@hotmail.com,Daniela Teixeira Antunes Coelho Batista,BA - Porto Seguro
33,guedes.cunha.costa.diego#outlook.com,Diego Costa Guedes Cunha,Rio Grande/RS
34,nunes.cunha.victor.vieira#protonmail.com,Victor Vieira Nunes Cunha,Fortaleza / CE
35,martins.priscila#tutanota.com,Priscila Martins,João Pessoa / PB
36,ribeiro.francisca.pinheiro@aol.com,Francisca Ribeiro Pinheiro,Belém/PA
37,nunes.borges.teixeira.pimentel.jéssica#yahoo.com,Jéssica Pimentel Borges Nunes Teixeira,"MA , Itaqui (São Luís)"
38,mateus.antunes#gmail.com,Mateus Antunes,TO/Fortaleza do Tabocão
39,oliveira.renata.siqueira@aol.com,Renata Oliveira Siqueira,PE / Suape (Ipojuca)
40,pacheco.lucas#aol.com,Lucas Pacheco,"Corumbá,MS"
41,costa.correia.ribeiro.santos.pedro#yahoo.com,Pedro Ribeiro Costa Santos Correia,BA / Aratu (Candeias)
42,márcia.figueiredo#protonmail.com,Márcia Figueiredo,Vila do Conde (Barcarena) - PA
43,farias.jéssica.cunha@outlook.com,Jéssica Farias Cunha,MA/Itaqui (São Luís)
44,rafael.vieira.paiva#icloud.com,Rafael Paiva Vieira,Paranaguá / PR
45,figueiredo.siqueira.rodrigues.amanda.santos#tutanota.com,Amanda Santos Figueiredo Rodrigues Siqueira,"Santarém,PA"
46,costa.farias.coelho.ana.silva#hotmail.com,Ana Silva Costa Farias Coelho,Macapá/AP
47,lacerda.gabriela.barros#tutanota.com,Gabriela Barros Lacerda,RJ / Niterói
48,torres.oliveira.peixoto.letícia@yahoo.com,Letícia Torres Peixoto Oliveira,PE - Suape (Ipojuca)
49,costa.tavares.antunes.diego#icloud.com,Diego Costa Tavares Antunes,SE/Aracaju
